{
    "loss": 317.0118713378906,
    "accuracy": 0.48201438784599304
}