{
    "loss": 187.46363830566406,
    "accuracy": 0.5179855823516846
}