{
    "loss": 316.8247375488281,
    "accuracy": 0.48201438784599304
}