{
    "loss": 190.20108032226562,
    "accuracy": 0.5395683646202087
}