{
    "loss": 176.06329345703125,
    "accuracy": 0.48201438784599304
}