{
    "loss": 97.84272003173828,
    "accuracy": 0.5035971403121948
}